{"cameraMode":{"drawMode":0,"name":"Shaded","section":"Shading Mode"},"sceneLighting":true,"audioPlay":false,"sceneViewState":{"showFog":true,"showMaterialUpdate":false,"showSkybox":true,"showFlares":true,"showImageEffects":true,"showParticleSystems":true},"in2DMode":false,"pivot":{"x":23.342090606689454,"y":3.8953819274902345,"z":54.167354583740237},"rotation":{"x":0.09556332975625992,"y":0.5423665046691895,"z":-0.06227076053619385,"w":0.8323686718940735},"size":60.64288330078125,"orthographic":false}